assets/faces/generated/0.jpg;n
assets/faces/generated/1.jpg;n
assets/faces/generated/2.jpg;n
assets/faces/generated/3.jpg;n
assets/faces/generated/4.jpg;n
assets/faces/generated/5.jpg;n
assets/faces/generated/6.jpg;n
assets/faces/generated/7.jpg;n
assets/faces/generated/8.jpg;n
assets/faces/generated/9.jpg;n
assets/faces/generated/10.jpg;n
assets/faces/generated/11.jpg;n
assets/faces/generated/12.jpg;n
assets/faces/generated/13.jpg;n
assets/faces/generated/14.jpg;n
assets/faces/generated/15.jpg;n
assets/faces/generated/16.jpg;n
assets/faces/generated/17.jpg;n
assets/faces/generated/18.jpg;n
assets/faces/generated/19.jpg;n
assets/faces/generated/20.jpg;n
assets/faces/generated/21.jpg;n
